Timeline,Bank ID,Bank name,is public bank,is small bank,Onsite atm,offsite atm,pos terminals,micro atms,credit cards,debit cards,credit card volume at pos,credit card value at pos,credit card volume at online,credit card value at online,credit card volume at cash withdrawal,credit card value at cash withdrawal,debit card volume at pos,debit card value at pos,debit card volume at online,debit card value at online,debit card volume at atm cash withdrawl,debit card value at atm cash withdrawal,debit card volume at pos cash withdrawal,debit card value at pos cash withdrawal,total credit card volume,total credit card value,total debit card volume,total debit card value,Greater volume,greater value,greater card,more valuable
44621,1,BANK OF BARODA,1,0,8757,2730,27074,35517,1103921,74522207,1165443,3686313.354,1085014,4499567.594,21838,101121.587,8519967,15691963.28,4484921,7721120.687,29706035,140457630.6,2163,1929.46,2272295,8287002.535,42713086,163872644,TRUE,TRUE,TRUE,1
44621,2,BANK OF INDIA,1,0,2507,2751,45542,10834,166751,44856938,154672,508947.3456,122496,335866.8748,10184,59089.16927,5121057,8817597.551,3213983,4057260.803,18870699,74143941.22,16653,16314.494,287352,903903.3897,27222392,87035114.07,TRUE,TRUE,TRUE,1
44621,3,BANK OF MAHARASHTRA,1,0,1694,434,2795,0,77677,12264810,96808,407564.181,0,0,1225,5727.857,2889361,4340817.315,1131118,1477836.441,7541893,32295602.25,0,0,98033,413292.038,11562372,38114256,TRUE,TRUE,TRUE,1
44621,4,CANARA BANK,1,0,8071,4139,50032,8096,927694,46459485,662053,1715137.017,305102,965897.952,56673,284861.1412,10233195,19323217.08,4791270,7906774.629,32586175,148809517.9,2798,2467.67114,1023828,2965896.11,47613438,176041977.3,TRUE,TRUE,TRUE,1
44621,5,CENTRAL BANK OF INDIA,1,0,2389,587,3957,8015,0,30197222,0,0,0,0,0,0,2618263,5511293.534,486339,946614.0053,9716712,43780949.16,9887,9946.029,0,0,12831201,50248802.72,TRUE,TRUE,TRUE,1
44621,6,INDIAN BANK,1,0,4299,626,14981,9322,154342,26961021,129022,378092.66,73904,237320.611,3511,22363.767,6087414,10556403.98,3068094,4255370.499,21419031,99716221.7,32990,32410.09899,206437,637777.038,30607529,114560406.3,TRUE,TRUE,TRUE,1
44621,7,INDIAN OVERSEAS BANK,1,0,2742,613,0,0,74083,20508718,59749,142499.791,26426,63550.329,867,4013.254,3664568,6294023.611,1386870,2078848.13,15137144,64870005.33,0,0,87042,210063.374,20188582,73242877.07,TRUE,TRUE,TRUE,1
44621,8,PUNJAB AND SIND BANK,1,0,657,19,1091,357,0,3546410,0,0,0,0,0,0,591821,1291990.738,386245,785117.6567,1689903,7692797.8,0,0,0,0,2667969,9769906.195,TRUE,TRUE,TRUE,1
44621,9,PUNJAB NATIONAL BANK,1,0,8211,5143,49833,11265,327893,45957631,443277,1296879.242,180344,576375.1412,3401,11026.03259,9324599,18895014.44,5918799,8948889.363,31840380,156081568.3,0,0,627022,1884280.416,47083778,183925472.1,TRUE,TRUE,TRUE,1
44621,10,STATE BANK OF INDIA,1,0,26189,39350,924374,49913,13766861,275922932,22282182,67147844.14,20617840,137034097.9,92610,340033.6232,59661111,114412092.5,33511927,54276184.37,194459535,969705160.8,83123,77101.65333,42992632,204521975.7,287715696,1138470539,TRUE,TRUE,TRUE,1
44621,11,UCO BANK,1,0,2095,222,11223,3568,0,11300018,0,0,0,0,0,0,1838490,3647945.542,1283322,1931029.22,7004324,30931578.07,2179,2007.684,0,0,10128315,36512560.51,TRUE,TRUE,TRUE,1
44621,12,UNION BANK OF INDIA,1,0,8042,3190,197533,8049,538325,47932253,438865,1307558.885,282726,950075.4035,3485,19392.70925,10753368,18087630.55,7606876,10848267.14,49725391,150870680.9,13354,13311.7584,725076,2277026.998,68098989,179819890.4,TRUE,TRUE,TRUE,1
44621,13,AXIS BANK LTD,0,0,5748,11174,1010244,710,9034829,27747647,13841270,41222880.02,9407975,52642162.95,45631,185105.5551,12387481,27686318.61,6319140,18441049.67,22320612,137931664,0,0,23294876,94050148.53,41027233,184059032.3,TRUE,TRUE,TRUE,1
44621,14,BANDHAN BANK LTD,0,0,466,5,36339,0,0,4966096,0,0,0,0,0,0,592668,1405189.946,394699,918312.6872,3082731,14005029.11,27811,27834.092,0,0,4097909,16356365.83,TRUE,TRUE,TRUE,1
44621,15,CATHOLIC SYRIAN BANK LTD,0,0,1110,622,0,1067,0,804171,0,0,0,0,0,0,248523,408223.7523,59475,105540.0519,498802,2370432.926,42,28.23,0,0,806842,2884224.96,TRUE,TRUE,TRUE,1
44621,16,CITY UNION BANK,0,0,407,52,7927,20366,1834,2579284,1494,4334.39842,433,1626.48308,8,18,952999,1687005.053,257331,409040.2333,2757082,14527320.64,0,0,1935,5978.8815,3967412,16623365.93,TRUE,TRUE,TRUE,1
44621,17,DCB BANK LTD,0,0,341,8,8980,0,3778,854723,6334,13941.52215,3939,14687.33401,205,1475.93558,273325,506682.378,98394,349894.1406,331189,1951474.781,0,0,10478,30104.79174,702908,2808051.3,TRUE,TRUE,TRUE,1
44621,18,DHANALAKSHMI BANK LTD,0,0,214,44,1472,0,7134,503775,16955,34979.60561,6809,18950.62358,120,437.68922,246496,393789.8589,63706,105083.9055,464152,2044583.046,0,0,23884,54367.91841,774354,2543456.81,TRUE,TRUE,TRUE,1
44621,19,FEDERAL BANK LTD,0,0,1505,380,16569,0,134841,11129386,280863,936308.8695,381977,1532227.487,1771,9438.66812,5243651,8564523.872,2268479,4444410.975,9289376,45815354.48,297,238.246,664611,2477975.025,16801803,58824527.57,TRUE,TRUE,TRUE,1
44621,20,HDFC BANK LTD,0,0,8703,9427,1071935,3324,16536735,43041155,29331886,108544181.5,27983613,176400101,137659,854422.6368,23236053,52195450.61,16237685,40119274.1,40385394,242976848.5,27684,27694.28736,57453158,285798705.1,79886816,335319267.5,TRUE,TRUE,TRUE,1
44621,21,ICICI BANK LTD,0,0,8402,8175,944320,3693,12978825,36655920,19424563,69564134.68,23318694,137741763,48760,229472.311,17199869,40590934.09,7575836,24577625.12,24390197,154030784.8,91,58.772,42792017,207535370,49165993,219199402.8,TRUE,TRUE,TRUE,1
44621,22,IDBI LTD,0,0,2221,1182,25385,224,41509,13042334,68252,197503.871,51093,177028.4155,451,2447.23028,2902263,5362691.357,1050806,1956517.367,7354059,36485373.28,532,529.15015,119796,376979.5168,11307660,43805111.15,TRUE,TRUE,TRUE,1
44621,23,IDFC Bank Limited,0,0,505,214,26560,11522,799219,4076204,1367730,4899089.812,1325904,7584240.959,11799,43601.4,1414101,2015650.27,508390,1428377.379,3103785,12878265.33,0,0,2705433,12526932.17,5026276,16322292.98,TRUE,TRUE,TRUE,1
44621,24,INDUSIND BANK LTD,0,0,1492,1275,220160,164,1880393,6910699,2254748,10802314.23,2542328,45782776.38,18246,92623.215,1758336,3496811.474,1170562,3541164.981,5623319,27508947.58,0,0,4815322,56677713.83,8552217,34546924.04,TRUE,FALSE,FALSE,0
44621,25,JAMMU AND KASHMIR BANK,0,0,840,613,10948,945,82096,3457424,145394,910884.7347,112520,287848.8163,7074,27799,1236554,2919949.84,3462733,1602698.108,6298900,31721952.85,6,5.9,264988,1226532.551,10998193,36244606.69,TRUE,TRUE,TRUE,1
44621,26,KARNATAKA BANK LTD,0,0,819,629,9312,0,0,5113093,0,0,0,0,0,0,1892513,2748661.337,491340,758620.531,4554359,20083708.12,0,0,0,0,6938212,23590989.99,TRUE,TRUE,TRUE,1
44621,27,KARUR VYSYA BANK LTD,0,0,1362,861,8745,0,6691,4066117,15483,76127.51071,3962,40563.18082,284,2103.86455,2047824,3988487.274,557806,1301885.976,5308872,25548660.91,0,0,19729,118794.5561,7914502,30839034.16,TRUE,TRUE,TRUE,1
44621,28,KOTAK MAHINDRA BANK LTD,0,0,1385,1314,56334,5020,3196377,23530754,3697560,11786279.83,3112625,16913066.42,32856,134435.4603,5375357,9419902.142,4267271,9021503.349,10389295,47795916.24,0,0,6843041,28833781.72,20031923,66237321.73,TRUE,TRUE,TRUE,1
44621,29,RATNAKAR BANK LIMITED,0,0,373,41,749865,0,3682603,1308583,5168256,19565031.1,4251459,24654000,33206,115605.6868,331311,617030.364,168385,452999.563,638671,3209044.75,0,0,9452921,44334636.78,1138367,4279074.677,FALSE,FALSE,FALSE,0
44621,30,SOUTH INDIAN BANK,0,0,854,416,11233,0,58365,3614563,170867,501674.6171,179945,765550.1775,0,0,1873897,3181562.704,499923,1064220.322,3150110,14352248.87,0,0,350812,1267224.795,5523930,18598031.89,TRUE,TRUE,TRUE,1
44621,31,TAMILNAD MERCANTILE BANK LTD,0,0,476,667,4792,0,32903,2051730,42267,183284.127,21908,98216.2931,2183,8470,378819,716818.9953,140115,213850.1315,5306889,21809572.7,0,0,66358,289970.4201,5825823,22740241.83,TRUE,TRUE,TRUE,1
44621,32,YES BANK LTD,0,0,1031,190,57897,86356,1184542,3606726,1391416,3890061.95,1095372,6029962.557,14883,64077.7,1312540,2443338.365,790594,1810231.155,2561370,12373375.95,659,640.414,2501671,9984102.207,4665163,16627585.88,TRUE,TRUE,TRUE,1
44621,33,AMERICAN EXPRESS,0,0,0,0,45455,0,1383221,0,1018513,7369321.277,3595970,25400772.12,0,0,0,0,0,0,0,0,0,0,4614483,32770093.39,0,0,FALSE,FALSE,FALSE,0
44621,34,BANK OF AMERICA,0,0,0,0,0,0,21756,0,27052,99065.01983,12329,107630.4483,0,0,0,0,0,0,0,0,0,0,39381,206695.4681,0,0,FALSE,FALSE,FALSE,0
44621,35,BARCLAYS BANK PLC,0,0,0,0,0,0,0,1736,0,0,0,0,0,0,100,907.04722,32,28.31775,401,3499.95188,0,0,0,0,533,4435.31685,TRUE,TRUE,TRUE,1
44621,36,CITI BANK,0,0,47,441,0,0,2551485,1432288,6782388,18646347.26,6258303,25148091.79,12658,74745.2,1028885,2400201.49,1115035,3027062.283,1006987,5649930.329,0,0,13053349,43869184.25,3150907,11077194.1,FALSE,FALSE,FALSE,0
44621,37,DBS BANK,0,0,498,518,1013,124,1000,2125772,1479,3546.46633,634,2696.68774,2,3,729424,993395.7502,356248,576736.0986,1326776,5831994.212,50,37.75,2115,6246.15407,2412498,7402163.811,TRUE,TRUE,TRUE,1
44621,38,DEUTSCHE BANK LTD,0,0,13,19,0,0,0,121093,0,0,0,0,0,0,61475,157090.2166,39416,97802.39863,52600,303832.3441,0,0,0,0,153491,558724.9593,TRUE,TRUE,TRUE,1
44621,39,HONGKONG AND SHANGHAI BKG CORPN,0,0,46,28,0,0,796103,515764,613458,3579623.857,1155380,3986352.848,1675,13692.73003,402555,1086459.31,0,0,281463,1622205.238,0,0,1770513,7579669.436,684018,2708664.548,FALSE,FALSE,FALSE,0
44621,40,SBM Bank India,0,0,6,0,0,165938,562051,52011,341577,1609612.853,1047799,4479465.256,108845,681013.08,2361,6405.412,5323,12178.329,5486,20899.038,0,0,1498221,6770091.189,13170,39482.779,FALSE,FALSE,FALSE,0
44621,41,STANDARD CHARTERED BANK LTD,0,0,91,76,0,0,1342023,1113075,1721399,5352944.998,1554924,6943036.652,3205,20576.199,938238,2179490.465,735985,1315377.765,1099928,5185318.133,0,0,3279528,12316557.85,2774151,8680186.363,FALSE,FALSE,FALSE,0
44621,42,AIRTEL PAYMENTS BANK,0,0,0,0,0,0,0,1964142,0,0,0,0,0,0,0,0,213807,156600.1841,0,0,0,0,0,0,213807,156600.1841,TRUE,TRUE,TRUE,1
44621,43,FINO PAYMENTS BANK,0,0,0,0,0,304094,0,4415157,0,0,0,0,0,0,205483,383496.4767,27054,22125.71752,1337527,4122139.384,295,168.2,0,0,1570359,4527929.779,TRUE,TRUE,TRUE,1
44621,44,INDIA POST PAYMENTS BANK,0,0,0,0,0,0,0,4788986,0,0,0,0,0,0,0,0,389128,240570.9735,0,0,0,0,0,0,389128,240570.9735,TRUE,TRUE,TRUE,1
44621,45,JIO PAYMENTS BANK ,0,0,0,0,0,0,0,0,0,0,0,0,0,0,0,0,0,0,0,0,0,0,0,0,0,0,TRUE,TRUE,TRUE,1
44621,46,NSDL PAYMENTS BANK,0,0,0,0,0,30397,0,334371,0,0,0,0,0,0,903,864.00731,23785,11512.9032,3801,15699.667,0,0,0,0,28489,28076.57751,TRUE,TRUE,TRUE,1
44621,47,PAYTM PAYMENTS BANK,0,0,1,70,403006,0,0,36619887,0,0,0,0,0,0,811299,954816.086,1830442,2084776.088,2669476,9729090.642,0,0,0,0,5311217,12768682.82,TRUE,TRUE,TRUE,1
44621,48,AU SMALL FINANCE BANK LIMITED,0,1,407,3,0,321,169470,1935173,269852,1385159.649,197587,1881923.683,4502,28352.8,247593,602474.023,184714,573932.229,890008,5886432.75,30,27.6,471941,3295436.132,1322345,7062866.602,TRUE,TRUE,TRUE,1
44621,49,CAPITAL SMALL FINANCE BANK LIMITED,0,1,161,2,0,0,0,183510,0,0,0,0,0,0,49955,135511.4628,20448,40847.14117,129173,699054.169,0,0,0,0,199576,875412.773,TRUE,TRUE,TRUE,1
44621,50,FINCARE SMALL FINANCE BANK LIMITED,0,1,125,0,0,0,0,3314960,0,0,0,0,0,0,55974,61529.58295,9200,12302.47709,686237,3393042.008,0,0,0,0,751411,3466874.068,TRUE,TRUE,TRUE,1
44621,51,EQUITAS SMALL FINANCE BANK LIMITED,0,1,336,3,13216,304,0,3293094,0,0,0,0,0,0,278828,407816.4495,175995,468444.104,924018,3546281.966,0,0,0,0,1378841,4422542.519,TRUE,TRUE,TRUE,1
44621,52,ESAF SMALL FINANCE BANK LIMITED,0,1,384,2,0,697,0,4391126,0,0,0,0,0,0,305368,374817.7553,0,0,1241175,6406089.378,236,158.09053,0,0,1546779,6781065.224,TRUE,TRUE,TRUE,1
44621,53,JANA SMALL FINANCE BANK LIMITED,0,1,65,2,0,164,0,2345835,0,0,0,0,0,0,66760,93390.332,17613,33770.249,311964,1532327.8,0,0,0,0,396337,1659488.381,TRUE,TRUE,TRUE,1
44621,54,NORTH EAST SMALL FINANCE BANK LIMITED,0,1,8,1,0,0,0,303473,0,0,0,0,0,0,19390,26156.09079,0,0,49452,202993.292,0,0,0,0,68842,229149.3828,TRUE,TRUE,TRUE,1
44621,55,SURYODAY SMALL FINANCE BANK LIMITED,0,1,0,0,0,66,0,413877,0,0,0,0,0,0,31082,32881.06048,5881,11362.58062,105825,479683.591,0,0,0,0,142788,523927.2321,TRUE,TRUE,TRUE,1
44621,56,UJJIVAN SMALL FINANCE BANK LIMITED,0,1,489,3,0,0,0,7188300,0,0,0,0,0,0,360352,520456.1465,159786,307301.7552,3139036,13975995.74,238,236.491,0,0,3659412,14803990.14,TRUE,TRUE,TRUE,1
44621,57,UNITY SMALL FINANCE BANK LIMITED,0,1,0,0,0,0,0,0,0,0,0,0,0,0,0,0,0,0,0,0,0,0,0,0,0,0,TRUE,TRUE,TRUE,1
44621,58,UTKARSH SMALL FINANCE BANK LIMITED,0,1,210,6,0,310,0,1322048,0,0,0,0,0,0,41658,62789.48242,14410,25286.29987,443778,1544075.017,0,0,0,0,499846,1632150.799,TRUE,TRUE,TRUE,1
44652,1,BANK OF BARODA,1,0,8751,2717,26886,36110,1194104,75272375,1333849,4264276.823,1222023,5024384.15,24514,110103.249,8437789,16176289.37,4282058,6772971.823,28260178,136583411.2,1633,1486.542,2580386,9398764.222,40981658,159534158.9,TRUE,TRUE,TRUE,1
44652,2,BANK OF INDIA,1,0,5238,2788,45968,11047,165625,44965718,151623,513667.9593,117028,304402.535,9542,54602.07927,5057053,9142147.862,3035215,3588190.418,18232108,73163840.68,16826,16516.637,278193,872672.5735,26341202,85910695.6,TRUE,TRUE,TRUE,1
44652,3,BANK OF MAHARASHTRA,1,0,1708,437,2711,0,77592,12382388,93486,381074.492,0,0,1025,4914.01,3109508,4596897.072,1129497,1383566.075,7356797,31973557.14,0,0,94511,385988.502,11595802,37954020.29,TRUE,TRUE,TRUE,1
44652,4,CANARA BANK,1,0,8074,4132,50234,8906,917871,47155319,633273,1659289.201,287619,902958.6226,52349,258618.2437,10155094,20059942.39,4636386,7301707.383,31552649,146298937.2,2576,2227.35607,973241,2820866.068,46346705,173662814.3,TRUE,TRUE,TRUE,1
44652,5,CENTRAL BANK OF INDIA,1,0,2389,587,3946,8137,0,30407359,0,0,0,0,0,0,2794644,5920474.127,721543,1181989.449,9262441,42612111.12,9384,9501.859,0,0,12788012,49724076.56,TRUE,TRUE,TRUE,1
44652,6,INDIAN BANK,1,0,4243,596,14905,9657,154353,27095159,130521,390560.148,70857,217746.455,2882,18423.065,6090631,11066117.83,2917766,3853086.613,20657436,97670637.83,34105,33520.05772,204260,626729.668,29699938,112623362.3,TRUE,TRUE,TRUE,1
44652,7,INDIAN OVERSEAS BANK,1,0,2732,624,0,0,74442,14617281,60881,147019.903,26039,58287.891,756,3552.7,3752265,6664726.279,1294963,1862035.11,14720895,64039460.91,0,0,87676,208860.494,19768123,72566222.3,TRUE,TRUE,TRUE,1
44652,8,PUNJAB AND SIND BANK,1,0,746,23,1073,357,0,3583157,0,0,0,0,0,0,587980,1244782.065,370928,720664.1173,1563517,7179653.8,0,0,0,0,2522425,9145099.982,TRUE,TRUE,TRUE,1
44652,9,PUNJAB NATIONAL BANK,1,0,8230,5115,41572,11265,328673,45677227,434360,1271482.832,174789,529403.1756,2855,9221.74267,9509827,19275163.96,5553769,7996151.878,30962021,155391470.7,0,0,612004,1810107.751,46025617,182662786.5,TRUE,TRUE,TRUE,1
44652,10,STATE BANK OF INDIA,1,0,26022,39304,888775,50853,13946540,279530049,22354744,66806256.68,19516716,129190603,88393,323841.604,61387054,123736452.6,33216767,51869671.14,194268082,988277213.2,77085,74052.42759,41959853,196320701.2,288948988,1163957389,TRUE,TRUE,TRUE,1
44652,11,UCO BANK,1,0,2087,222,10697,3568,0,11370697,0,0,0,0,0,0,1872340,3850761.411,1265799,1784847.123,6882152,31021588.62,1931,1834.639,0,0,10022222,36659031.79,TRUE,TRUE,TRUE,1
44652,12,UNION BANK OF INDIA,1,0,8042,3190,185931,8049,540048,48242120,524324,1619552.331,302360,1018836.97,6272,31387.95784,10747107,18887610.41,7178161,9930735.678,46990546,148153228.1,12866,12694.1517,832956,2669777.259,64928680,176984268.3,TRUE,TRUE,TRUE,1
44652,13,AXIS BANK LTD,0,0,5753,10848,1025313,710,9261251,27912443,14458273,41235128.1,9932531,50521391.55,49670,204333.477,12507188,29082291.4,6094942,16432756.47,21689678,135340498.6,0,0,24440474,91960853.12,40291808,180855546.4,TRUE,TRUE,TRUE,1
44652,14,BANDHAN BANK LTD,0,0,466,5,36433,0,0,5015559,0,0,0,0,0,0,437660,986709.8269,523532,1276842.227,2973171,13815867.8,27611,27901.801,0,0,3961974,16107321.65,TRUE,TRUE,TRUE,1
44652,15,CSB BANK LTD,0,0,415,53,0,1119,0,809076,0,0,0,0,0,0,245320,427177.3385,52317,86656.78456,466429,2253750.562,55,49.44,0,0,764121,2767634.125,TRUE,TRUE,TRUE,1
44652,16,CITY UNION BANK,0,0,1103,613,7870,21874,1790,2617303,1429,4071.76208,388,970.69021,11,48,960150,1697165.031,262980,364467.0382,2649269,13881117.53,0,0,1828,5090.45229,3872399,15942749.6,TRUE,TRUE,TRUE,1
44652,17,DCB BANK LTD,0,0,353,8,9005,0,3715,864615,6173,15371.88367,3691,12574.42117,189,1193.859,265208,542978.464,93515,349976.587,309728,1886926.916,0,0,10053,29140.16384,668451,2779881.967,TRUE,TRUE,TRUE,1
44652,18,DHANALAKSHMI BANK LTD,0,0,214,44,1490,0,7155,509355,16919,36022.96078,6371,22078.24494,125,409.02256,256361,429410.8031,61910,97316.596,456719,2042657.486,0,0,23415,58510.22828,774990,2569384.885,TRUE,TRUE,TRUE,1
44652,19,FEDERAL BANK LTD,0,0,1505,381,15675,0,170251,11406240,346287,1093649.839,426659,1615374.123,2066,9401.3478,5336874,9373890.301,2120994,3766522.571,9053039,45108330.02,321,263.815,775012,2718425.31,16511228,58249006.7,TRUE,TRUE,TRUE,1
44652,20,HDFC BANK LTD,0,0,8900,9512,1102829,3303,16833724,43572256,29886445,119314332.7,26403958,171480460,133207,825229.6687,25780179,60182984.36,17313263,39047945.51,40172213,243348749,37019,36990.38,56423610,291620022.4,83302674,342616669.2,TRUE,TRUE,TRUE,1
44652,21,ICICI BANK LTD,0,0,8403,8138,966135,2720,13128334,36751248,19723057,67932720.05,23471276,139320624.7,46319,220093.478,17712949,42782287.59,7223684,21568077.88,23940500,152202383.3,132,99.677,43240652,207473438.3,48877265,216552848.4,TRUE,TRUE,TRUE,1
44652,22,IDBI BANK LTD,0,0,2222,1180,22875,223,41889,12939701,72536,216061.4078,49974,168979.8532,396,2147.43209,2917433,5612595.271,969264,1695826.951,7089818,35476563.96,481,490.2354,122906,387188.693,10976996,42785476.42,TRUE,TRUE,TRUE,1
44652,23,IDFC FIRST BANK LTD,0,0,538,217,27379,11522,856394,4183935,1387038,4889459.839,1233117,7122440.923,11612,42028.3,1421423,2199060.261,475556,1271460.606,3069190,13038809.4,0,0,2631767,12053929.06,4966169,16509330.26,TRUE,TRUE,TRUE,1
44652,24,INDUSIND BANK LTD,0,0,1499,1266,218935,164,1922608,7067037,2266407,10555163.3,2398443,41233029.58,17751,89261.329,1759985,3639272.195,1147265,3150072.558,5008947,26385221.96,0,0,4682601,51877454.22,7916197,33174566.71,TRUE,FALSE,FALSE,0
44652,25,JAMMU AND KASHMIR BANK LTD,0,0,840,614,10681,945,82098,3507929,124381,814568.3384,106545,249940.234,5726,23724,1194471,2915260.642,3811305,1575033.731,6381892,34658842.63,7,6.06,236652,1088232.572,11387675,39149143.06,TRUE,TRUE,TRUE,1
44652,26,KARNATAKA BANK LTD,0,0,825,626,9382,0,0,5144007,0,0,0,0,0,0,1862575,2820280.698,424515,674887.4068,4316271,19085224.46,0,0,0,0,6603361,22580392.56,TRUE,TRUE,TRUE,1
44652,27,KARUR VYSYA BANK LTD,0,0,1363,856,8669,0,6930,4063846,18705,82484.18139,4367,38383.83677,334,2364.5,2046250,4143801.782,543058,1143808.723,5104165,24668707.39,0,0,23406,123232.5182,7693473,29956317.9,TRUE,TRUE,TRUE,1
44652,28,KOTAK MAHINDRA BANK LTD,0,0,1384,1319,56647,5483,3425409,23883034,3845081,11754124.2,3129115,16658319.71,34216,135879.1274,5384725,9284625.09,4116930,7907962.205,10389247,48266617.8,0,0,7008412,28548323.03,19890902,65459205.09,TRUE,TRUE,TRUE,1
44652,29,RBL BANK LTD,0,0,374,41,775381,0,3754269,1333257,5181006,19125875.69,4122947,22790152.59,29171,104462.7342,331224,654495.6684,142260,372809.1549,618060,3143916.178,0,0,9333124,42020491.01,1091544,4171221.001,FALSE,FALSE,FALSE,0
44652,30,SOUTH INDIAN BANK,0,0,853,416,11254,0,72601,3608776,204326,607128.5058,214582,861619.2525,0,0,1914294,3533780.125,479658,956256.4894,3064788,14393980.5,0,0,418908,1468747.758,5458740,18884017.11,TRUE,TRUE,TRUE,1
44652,31,TAMILNAD MERCANTILE BANK LTD,0,0,476,667,4659,0,33594,2066200,42408,176265.707,21403,90821.379,1742,6953.4,366456,726003.8149,100105,194497.1254,5095102,21093111.9,0,0,65553,274040.486,5561663,22013612.84,TRUE,TRUE,TRUE,1
44652,32,YES BANK LTD,0,0,1057,192,59237,87701,1209178,3682345,1434076,4066953.067,1078276,5778573.455,14510,61642,1340910,2574299.264,740660,1599976.667,2527716,12346223.9,994,990.2,2526862,9907168.523,4610280,16521490.03,TRUE,TRUE,TRUE,1
44652,33,AMERICAN EXPRESS BANKING CORPORATION,0,0,0,0,46662,0,1375307,0,1048953,7532832.55,3345816,23437612.33,0,0,0,0,0,0,0,0,0,0,4394769,30970444.88,0,0,FALSE,FALSE,FALSE,0
44652,34,BANK OF AMERICA,0,0,0,0,0,0,21588,0,26619,109051.5639,13355,129305.2255,2,20,0,0,0,0,0,0,0,0,39976,238376.7894,0,0,FALSE,FALSE,FALSE,0
44652,35,BARCLAYS BANK PLC,0,0,0,0,0,0,0,1702,0,0,0,0,0,0,61,729.726,39,36.9604,392,3565.08596,0,0,0,0,492,4331.77236,TRUE,TRUE,TRUE,1
44652,36,CITI BANK,0,0,47,440,0,0,2550891,1424091,6803229,19100051.77,6040699,23383996.82,12124,70450.8,1104419,2703743.423,1080565,2981511.328,1030167,5892791.939,0,0,12856052,42554499.39,3215151,11578046.69,FALSE,FALSE,FALSE,0
44652,37,DBS INDIA BANK LTD,0,0,493,518,971,109,4992,2115415,3137,10196.96382,1738,8791.44247,34,115.5,712923,1014705.65,309814,484675.9729,1265030,5619800.398,45,36.9,4909,19103.90629,2287812,7119218.92,TRUE,TRUE,TRUE,1
44652,38,DEUTSCHE BANK LTD,0,0,13,18,0,0,0,118492,0,0,0,0,0,0,64840,169365.5314,36863,90348.71144,51042,297106.1855,0,0,0,0,152745,556820.4283,TRUE,TRUE,TRUE,1
44652,39,HSBC LTD,0,0,46,28,0,0,771007,517950,633374,3311850.185,1076071,3815668.985,1638,14096.80605,414671,1170012.662,0,0,281381,1633716.596,0,0,1711083,7141615.977,696052,2803729.258,FALSE,FALSE,FALSE,0
44652,40,SBM BANK INDIA LTD,0,0,6,0,0,184760,704385,57693,271932.25,1233844.78,931083.75,3547292.619,56192,356143.0452,3079,7854.248988,7612,19173.20908,5728,22593.325,0,0,1259208,5137280.444,16419,49620.78307,FALSE,FALSE,FALSE,0
44652,41,STANDARD CHARTERED BANK LTD,0,0,95,72,0,0,1337531,1118569,1480380,6388892.182,1703868,5228990.825,2546,16899.299,914612,2256520.626,687596,1155396.989,1036772,4950158.791,0,0,3186794,11634782.31,2638980,8362076.406,FALSE,FALSE,FALSE,0
44652,42,AIRTEL PAYMENTS BANK,0,0,0,0,0,0,0,1963575,0,0,0,0,0,0,0,0,218283,142903.3844,0,0,0,0,0,0,218283,142903.3844,TRUE,TRUE,TRUE,1
44652,43,FINO PAYMENTS BANK,0,0,0,0,0,309670,0,4588989,0,0,0,0,0,0,206072,418115.9773,29166,21096.72039,1288913,4053652.198,278,168.81,0,0,1524429,4493033.706,TRUE,TRUE,TRUE,1
44652,44,INDIA POST PAYMENTS BANK,0,0,0,0,0,0,0,5112794,0,0,0,0,0,0,0,0,447729,247186.0081,0,0,0,0,0,0,447729,247186.0081,TRUE,TRUE,TRUE,1
44652,45,JIO PAYMENTS BANK ,0,0,0,0,0,0,0,0,0,0,0,0,0,0,0,0,0,0,0,0,0,0,0,0,0,0,TRUE,TRUE,TRUE,1
44652,46,NSDL PAYMENTS BANK,0,0,0,0,0,36061,0,349949,0,0,0,0,0,0,824,892.77729,20435,9925.78023,3787,16145.658,0,0,0,0,25046,26964.21552,TRUE,TRUE,TRUE,1
44652,47,PAYTM PAYMENTS BANK,0,0,1,66,421467,0,0,36856402,0,0,0,0,0,0,771840,960766.283,1677481,1863914.756,2196605,8177172.512,0,0,0,0,4645926,11001853.55,TRUE,TRUE,TRUE,1
44652,48,AU SMALL FINANCE BANK LIMITED,0,1,420,3,0,325,189930,1992395,287959,1408914.537,207869,1758870.825,4066,25140.3,253272,629248.6515,192053,467908.4107,875817,5822657.6,61,54.901,499894,3192925.662,1321203,6919869.563,TRUE,TRUE,TRUE,1
44652,49,CAPITAL SMALL FINANCE BANK LIMITED,0,1,162,2,0,0,0,185559,0,0,0,0,0,0,49355,122123.2291,19172,35537.33429,124289,669866.119,0,0,0,0,192816,827526.6824,TRUE,TRUE,TRUE,1
44652,50,FINCARE SMALL FINANCE BANK LIMITED,0,1,125,0,0,0,0,3402389,0,0,0,0,0,0,57576,61384.50432,8737,11578.67183,627154,2921503.905,0,0,0,0,693467,2994467.081,TRUE,TRUE,TRUE,1
44652,51,EQUITAS SMALL FINANCE BANK LIMITED,0,1,336,3,14497,304,0,3350678,0,0,0,0,0,0,273583,424137.201,149551,431882.094,926798,3496322.402,0,0,0,0,1349932,4352341.697,TRUE,TRUE,TRUE,1
44652,52,ESAF SMALL FINANCE BANK LIMITED,0,1,400,3,0,837,0,4442808,0,0,0,0,0,0,299931,388706.3933,0,0,1062883,5277841.108,121,71.92924,0,0,1362935,5666619.431,TRUE,TRUE,TRUE,1
44652,53,JANA SMALL FINANCE BANK LIMITED,0,1,65,2,0,164,0,2373395,0,0,0,0,0,0,66178,98203.705,17011,29900.921,276500,1339812.85,0,0,0,0,359689,1467917.476,TRUE,TRUE,TRUE,1
44652,54,NORTH EAST SMALL FINANCE BANK LIMITED,0,1,8,1,0,0,0,306569,0,0,0,0,0,0,18858,24887.08085,0,0,49076,198883.917,0,0,0,0,67934,223770.9979,TRUE,TRUE,TRUE,1
44652,55,SURYODAY SMALL FINANCE BANK LIMITED,0,1,0,0,0,67,0,426261,0,0,0,0,0,0,28430,32913.23072,5318,8268.42236,93063,392660.755,0,0,0,0,126811,433842.4081,TRUE,TRUE,TRUE,1
44652,56,UJJIVAN SMALL FINANCE BANK LIMITED,0,1,489,3,0,0,0,7252817,0,0,0,0,0,0,351817,520544.6721,157434,262886.3231,2964012,12979991.83,207,205.7,0,0,3473470,13763628.52,TRUE,TRUE,TRUE,1
44652,57,UNITY SMALL FINANCE BANK LIMITED,0,1,0,0,0,0,0,0,0,0,0,0,0,0,0,0,0,0,0,0,0,0,0,0,0,0,TRUE,TRUE,TRUE,1
44652,58,UTKARSH SMALL FINANCE BANK LIMITED,0,1,216,6,0,310,0,1322048,0,0,0,0,0,0,41658,62789.482,14410,25286.3,443778,1544075.017,0,0,0,0,499846,1632150.799,TRUE,TRUE,TRUE,1
44682,1,BANK OF BARODA,1,0,8770,2718,26371,36720,1267896,75630687,1530161,4796898.406,1424440,6074427.89,25723,113135.417,8566629,16273071.77,4301660,6802295.172,28999224,136210034.3,1989,1825.891,2980324,10984461.71,41869502,159287227.1,TRUE,TRUE,TRUE,1
44682,2,BANK OF INDIA,1,0,5259,2808,46189,11304,165929,45256890,158107,527624.8284,119527,321610.1963,10239,58812.64831,5052581,9012725.985,3039827,3685935.332,18534653,72441187.47,5579,5390.613,287873,908047.673,26632640,85145239.4,TRUE,TRUE,TRUE,1
44682,3,BANK OF MAHARASHTRA,1,0,1718,436,2656,0,77291,12523886,91537,377379.408,0,0,819,3695.99216,2754302,4330669.805,1116639,1448273.707,7527984,32474886.87,0,0,92356,381075.4002,11398925,38253830.38,TRUE,TRUE,TRUE,1
44682,4,CANARA BANK,1,0,8062,4128,49795,8906,915470,46959288,655999,1744639.231,300098,977784.6952,53418,269623.0594,10225689,20691394.04,4273410,6895824.718,31688106,142676206.9,2136,1868.98202,1009515,2992046.985,46189341,170265294.7,TRUE,TRUE,TRUE,1
44682,5,CENTRAL BANK OF INDIA,1,0,2389,587,3921,8982,0,28963920,0,0,0,0,0,0,2792070,5851095.717,757379,1199880.621,9056496,40792043.14,10900,10913.617,0,0,12616845,47853933.1,TRUE,TRUE,TRUE,1
44682,6,INDIAN BANK,1,0,4237,592,14834,9657,155411,27241274,136127,423592.7586,71747,288739.537,2391,14093.72,6306320,11831397.73,2856489,3959763.599,20993891,96579080.7,42393,41862.70261,210265,726426.0156,30199093,112412104.7,TRUE,TRUE,TRUE,1
44682,7,INDIAN OVERSEAS BANK,1,0,2731,637,0,0,76019,14770053,63567,156608.59,26449,62553.918,847,3960.66,3906927,7275090.64,1225514,1840134.017,15323889,64720149.26,0,0,90863,223123.168,20456330,73835373.92,TRUE,TRUE,TRUE,1
44682,8,PUNJAB AND SIND BANK,1,0,777,25,1067,357,0,3500716,0,0,0,0,0,0,572804,1178917.586,363912,715070.7459,1565726,7030946.2,0,0,0,0,2502442,8924934.531,TRUE,TRUE,TRUE,1
44682,9,PUNJAB NATIONAL BANK,1,0,8228,5092,41793,11265,329439,45920571,444473,1289655.976,179652,552103.2367,2803,8778.65409,9694013,18331190,6603883,8078639.033,29125750,142207574.1,0,0,626928,1850537.866,45423646,168617403.2,TRUE,TRUE,TRUE,1
44682,10,STATE BANK OF INDIA,1,0,26012,39456,876707,51206,14148758,278381730,22132273,66135452.3,22076473,146218839.2,92712,341962.4363,60782293,122830916.1,31798357,49812250.28,194242972,961241497.3,71559,69486.83141,44301458,212696253.9,286895181,1133954151,TRUE,TRUE,TRUE,1
44682,11,UCO BANK,1,0,2123,222,10629,3568,0,11456060,0,0,0,0,0,0,1858991,3744451.79,1263796,1802681.967,6965120,30426795.32,1895,1800.095,0,0,10089802,35975729.17,TRUE,TRUE,TRUE,1
44682,12,UNION BANK OF INDIA,1,0,8042,3190,90658,8049,545740,48623903,492938,1537323.626,284799,992537.4673,5220,26998.35981,11022918,19448011.44,6997117,9998960.26,48061693,149090782.4,13859,13820.92791,782957,2556859.453,66095587,178551575,TRUE,TRUE,TRUE,1
44682,13,AXIS BANK LTD,0,0,5756,10644,1052653,710,9475786,28233123,15584751,44919025.54,10598060,50803169.76,53567,218749.8754,12635517,30044348.33,6055599,16429505.19,21881876,132888181,0,0,26236378,95940945.18,40572992,179362034.5,TRUE,TRUE,TRUE,1
44682,14,BANDHAN BANK LTD,0,0,466,5,36534,0,0,5090313,0,0,0,0,0,0,605706,1415688.787,373822,760350.6455,2961209,13193697.35,20399,20171.28277,0,0,3961136,15389908.07,TRUE,TRUE,TRUE,1
44682,15,CATHOLIC SYRIAN BANK LTD,0,0,423,52,0,1150,0,815718,0,0,0,0,0,0,266779,472381.2889,55022,94335.97924,481413,2280947.367,40,21.69,0,0,803254,2847686.325,TRUE,TRUE,TRUE,1
44682,16,CITY UNION BANK,0,0,1108,596,7774,23089,1747,2613007,1559,4116.97728,403,1985.36424,19,43.1,945149,1814860.67,214155,338641.7934,2741444,14020250.97,0,0,1981,6145.44152,3900748,16173753.43,TRUE,TRUE,TRUE,1
44682,17,DCB BANK LTD,0,0,364,8,9027,0,3633,874322,6366,14827.498,3599,11933.136,143,863.863,295629,604820.688,88057,368388.331,295663,1784653.217,0,0,10108,27624.497,679349,2757862.236,TRUE,TRUE,TRUE,1
44682,18,DHANALAKSHMI BANK LTD,0,0,214,44,1514,0,7233,513144,17941,38447.8269,6364,21406.1981,117,393.394,265080,441641.2638,57902,91656.3678,455325,1982025.714,0,0,24422,60247.419,778307,2515323.346,TRUE,TRUE,TRUE,1
44682,19,FEDERAL BANK LTD,0,0,1504,353,15843,0,205091,11871123,494647,1583242.026,502180,2283332.836,2330,11269.21995,5825853,9950569.735,2082272,4077134.974,9317813,44819841.28,313,267.9,999157,3877844.082,17226251,58847813.89,TRUE,TRUE,TRUE,1
44682,20,HDFC BANK LTD,0,0,8964,9558,1114459,3303,17219010,44236727,32175588,128182453.8,28195486,186606867.6,156094,944796.4801,26041856,62158439.23,17543203,39941483.29,40478499,239592701.6,46473,46525.341,60527168,315734117.9,84110031,341739149.4,TRUE,TRUE,TRUE,1
44682,21,ICICI BANK LTD,0,0,8470,8074,1004716,2647,13340781,36983226,20702689,73993351.97,24975238,144592751.7,50251,243277.353,17610606,43837164.84,7031542,21585246.86,23648680,146660651.3,130,99.104,45728178,218829381,48290958,212083162.1,TRUE,FALSE,FALSE,0
44682,22,IDBI LTD,0,0,2210,1182,22943,221,41850,12779682,76399,234440.627,52582,173172.7475,456,2381.55041,2927772,5671810.654,953353,1685654.483,7115499,34825306.24,583,643.75586,129437,409994.9249,10997207,42183415.14,TRUE,TRUE,TRUE,1
44682,23,IDFC Bank Limited,0,0,574,220,28546,11547,887837,4309591,1488223,5213691.211,1261250,7440294.571,12928,46900.9,1461865,2327615.303,467803,1299269.165,3188828,13157589.34,0,0,2762401,12700886.68,5118496,16784473.81,TRUE,TRUE,TRUE,1
44682,24,INDUSIND BANK LTD,0,0,1510,1263,235728,164,1972365,7140280,2438142,11487643.8,2517320,49285370.16,19200,96380.922,1788880,3715271.193,1153156,3201632.723,5079890,25362727.87,0,0,4974662,60869394.88,8021926,32279631.78,TRUE,FALSE,FALSE,0
44682,25,JAMMU AND KASHMIR BANK,0,0,840,614,10928,945,81550,3548259,138182,851532.2499,120102,280142.531,5553,22174.7,1248972,2898543.192,3900341,1516772.802,6282980,32525070.31,3,2.1,263837,1153849.481,11432296,36940388.4,TRUE,TRUE,TRUE,1
44682,26,KARNATAKA BANK LTD,0,0,829,620,9577,0,0,5159931,0,0,0,0,0,0,1954943,2998506.642,446088,672518.1643,4452746,19454295.52,0,0,0,0,6853777,23125320.32,TRUE,TRUE,TRUE,1
44682,27,KARUR VYSYA BANK LTD,0,0,1369,864,9285,0,7430,4050405,19665,100348.7443,4624,41205.77648,333,2429.2,2056616,4311667.998,454599,1037288.105,5233981,24544986.81,0,0,24622,143983.7208,7745196,29893942.91,TRUE,TRUE,TRUE,1
44682,28,KOTAK MAHINDRA BANK LTD,0,0,1397,1337,57375,6346,3606571,24228289,4398971,13537860.3,3518928,19126241.7,39582,149094.2144,5803817,10335201.75,4180390,8666647.325,10960764,49267520.6,0,0,7957481,32813196.22,20944971,68269369.68,TRUE,TRUE,TRUE,1
44682,29,RATNAKAR BANK LIMITED,0,0,374,41,808257,0,3827746,1356091,5463910,20480924.55,4467495,25394666.69,30603,110793.7503,326687,645809.2998,150434,425564.8681,608940,3008739.226,0,0,9962008,45986384.99,1086061,4080113.394,FALSE,FALSE,FALSE,0
44682,30,SOUTH INDIAN BANK,0,0,854,418,11613,0,87173,3696135,262635,801079.3099,249052,1198075.351,0,0,1997008,3658779.092,473716,964730.9955,3116371,14102269.16,0,0,511687,1999154.661,5587095,18725779.25,TRUE,TRUE,TRUE,1
44682,31,TAMILNAD MERCANTILE BANK LTD,0,0,476,667,4490,0,37405,2079096,45540,199732.172,21968,98804.6097,2132,8270.1,484768,1037483.478,154454,230810.6465,5453313,22096756.7,0,0,69640,306806.8817,6092535,23365050.82,TRUE,TRUE,TRUE,1
44682,32,YES BANK LTD,0,0,1060,192,59033,71831,1238367,3769309,1550437,4400488.562,1178234,6586041.75,15685,66107.25,1381162,2625437.71,746849,1616085.965,2588958,12196161.45,1095,1093.23,2744356,11052637.56,4718064,16438778.36,TRUE,TRUE,TRUE,1
44682,33,AMERICAN EXPRESS,0,0,0,0,47951,0,1366552,0,1034325,7361016.822,3420823,22946533.42,0,0,0,0,0,0,0,0,0,0,4455148,30307550.24,0,0,FALSE,FALSE,FALSE,0
44682,34,BANK OF AMERICA,0,0,0,0,0,0,21417,0,28869,121872.8271,13335,147003.2929,1,10,0,0,0,0,0,0,0,0,42205,268886.12,0,0,FALSE,FALSE,FALSE,0
44682,35,BARCLAYS BANK PLC,0,0,0,0,0,0,0,1696,0,0,0,0,0,0,78,302.83516,12,10.099,363,3296.02453,0,0,0,0,453,3608.95869,TRUE,TRUE,TRUE,1
44682,36,CITI BANK,0,0,47,442,0,0,2550537,1343391,7259923,20067989.32,6177768,25162043.45,12528,72957.9,1036921,2590026.529,1056479,2923788.709,968600,5407833.883,0,0,13450219,45302990.67,3062000,10921649.12,FALSE,FALSE,FALSE,0
44682,37,DBS BANK,0,0,482,516,932,98,12937,2104736,13030,48718.78439,6898,53435.5086,153,499.8,714872,1043552.105,291572,472731.0905,1280046,5582527.812,74,65.2,20081,102654.093,2286564,7098876.208,TRUE,TRUE,TRUE,1
44682,38,DEUTSCHE BANK LTD,0,0,13,18,0,0,0,118513,0,0,0,0,0,0,64006,160703.995,34738,86216.66366,50722,296937.473,0,0,0,0,149466,543858.1317,TRUE,TRUE,TRUE,1
44682,39,HONGKONG AND SHANGHAI BKG CORPN,0,0,46,28,0,0,760575,522803,632672,3531058.198,1134108,3958680.668,1764,14626.92512,404764,1116481.569,0,0,270267,1548561.767,0,0,1768544,7504365.791,675031,2665043.336,FALSE,FALSE,FALSE,0
44682,40,SBM Bank India,0,0,7,0,0,207604,896538,81778,336564.5,1312416.874,1104545.5,4135143.481,59538,381342.7348,3876,338126.8867,9957,1011141.024,5405,20611.29998,0,0,1500648,5828903.09,19238,1369879.211,FALSE,FALSE,FALSE,0
44682,41,STANDARD CHARTERED BANK LTD,0,0,95,72,0,0,1328773,1121344,1812644,5531866.87,1510611,6553706.907,2683,18277.459,901177,2306435.565,677216,1139290.366,1020707,4763705.094,0,0,3325938,12103851.24,2599100,8209431.025,FALSE,FALSE,FALSE,0
44682,42,AIRTEL PAYMENTS BANK,0,0,0,0,0,0,0,1962294,0,0,0,0,0,0,0,0,226382,157708.561,0,0,0,0,0,0,226382,157708.561,TRUE,TRUE,TRUE,1
44682,43,FINO PAYMENTS BANK,0,0,0,0,0,314868,0,4791704,0,0,0,0,0,0,206339,381338.8866,27257,19786.06116,1467225,4505439.625,313,186.75,0,0,1701134,4906751.323,TRUE,TRUE,TRUE,1
44682,44,INDIA POST PAYMENTS BANK,0,0,0,0,0,0,0,5475448,0,0,0,0,0,0,0,0,457477,266831.506,0,0,0,0,0,0,457477,266831.506,TRUE,TRUE,TRUE,1
44682,45,JIO PAYMENTS BANK ,0,0,0,0,0,0,0,0,0,0,0,0,0,0,0,0,0,0,0,0,0,0,0,0,0,0,TRUE,TRUE,TRUE,1
44682,46,NSDL PAYMENTS BANK,0,0,0,0,0,84036,0,369029,0,0,0,0,0,0,811,892.5136,23215,12530.15962,3877,15878.701,0,0,0,0,27903,29301.37422,TRUE,TRUE,TRUE,1
44682,47,PAYTM PAYMENTS BANK,0,0,1,67,439894,0,0,37249873,0,0,0,0,0,0,748866,906826.6409,1745974,2433192.15,2018737,7415865.914,0,0,0,0,4513577,10755884.71,TRUE,TRUE,TRUE,1
44682,48,AU SMALL FINANCE BANK LIMITED,0,1,424,3,0,330,216123,2047753,335343,1655063.821,245029,1907135.833,4461,28075.7,262413,630522.9354,205352,487450.4109,883325,5661983.1,117,123.1,584833,3590275.354,1351207,6780079.546,TRUE,TRUE,TRUE,1
44682,49,CAPITAL SMALL FINANCE BANK LIMITED,0,1,163,2,0,0,0,188366,0,0,0,0,0,0,51030,121996.1577,19719,41394.96825,128969,686334.771,0,0,0,0,199718,849725.897,TRUE,TRUE,TRUE,1
44682,50,FINCARE SMALL FINANCE BANK LIMITED,0,1,336,3,0,0,0,3495704,0,0,0,0,0,0,52467,58679.68304,7712,10543.40823,564112,2546742.258,0,0,0,0,624291,2615965.349,TRUE,TRUE,TRUE,1
44682,51,EQUITAS SMALL FINANCE BANK LIMITED,0,1,408,3,15483,299,0,3526852,0,0,0,0,0,0,283150,476658.338,173201,421777.381,992230,3508084.37,0,0,0,0,1448581,4406520.089,TRUE,TRUE,TRUE,1
44682,52,ESAF SMALL FINANCE BANK LIMITED,0,1,125,0,0,1013,0,4493019,0,0,0,0,0,0,315486,392823.1088,0,0,1094643,5270855.668,106,63.909,0,0,1410235,5663742.686,TRUE,TRUE,TRUE,1
44682,53,JANA SMALL FINANCE BANK LIMITED,0,1,65,2,0,164,0,2406319,0,0,0,0,0,0,68037,101590.16,16645,30795.051,313309,1540665.1,0,0,0,0,397991,1673050.311,TRUE,TRUE,TRUE,1
44682,54,NORTH EAST SMALL FINANCE BANK LIMITED,0,1,8,1,0,0,0,311903,0,0,0,0,0,0,21163,25387.37875,0,0,50056,185209.504,0,0,0,0,71219,210596.8828,TRUE,TRUE,TRUE,1
44682,55,SURYODAY SMALL FINANCE BANK LIMITED,0,1,0,0,0,67,0,439503,0,0,0,0,0,0,30343,35958.58063,4865,7701.23658,97686,413192.602,0,0,0,0,132894,456852.4192,TRUE,TRUE,TRUE,1
44682,56,UJJIVAN SMALL FINANCE BANK LIMITED,0,1,489,3,0,0,0,7337224,0,0,0,0,0,0,359806,534007.175,157356,263290.87,3106716,13606615.51,219,205.554,0,0,3624097,14404119.1,TRUE,TRUE,TRUE,1
44682,57,UNITY SMALL FINANCE BANK LIMITED,0,1,0,0,0,0,0,0,0,0,0,0,0,0,0,0,0,0,392,1671.9,0,0,0,0,392,1671.9,TRUE,TRUE,TRUE,1
44682,58,UTKARSH SMALL FINANCE BANK LIMITED,0,1,225,6,0,450,0,1367149,0,0,0,0,0,0,42456,69134.391,13583,20162.313,535691,1687677.432,0,0,0,0,591730,1776974.136,TRUE,TRUE,TRUE,1
,,,,,,,,,,,,,,,,,,,,,,,,,,,,,,,,
,,,,,,,,,,,,,,,,,,,,,,,,,,,,,,,,
,,,,,,,,,,,,,,,,,,,,,,,,,,,,,,,,
,,,,,,,,,,,,,,,,,,,,,,,,,,,,,,,,
,,,,,,,,,,,,,,,,,,,,,,,,,,,,,,,,
,,,,,,,,,,,,,,,,,,,,,,,,,,,,,,,,